time,seconds_elapsed,bearingAccuracy,speedAccuracy,verticalAccuracy,horizontalAccuracy,speed,bearing,altitude,longitude,latitude
1749659410224000000,1.399,45,1.5,1.7640793323516846,82.5,0,0,250.3075727972423,19.4354147,50.0227061
1749659412024485600,3.199485595703125,180,0.4868501126766205,1.6263827085494995,24,7.041833400726318,273.45159912109375,250.49856325762713,19.4355932,50.0233602
1749659413025657600,4.20065771484375,180,0.34135115146636963,1.625411868095398,14,6.828425884246826,261.98748779296875,250.8846446235253,19.4353767,50.023339
1749659414053039600,5.22803955078125,180,0.6665478348731995,1.6238890886306763,20,7.382963180541992,238.60020446777344,251.23141309289412,19.4352827,50.0233121
1749659416074221800,7.249221923828125,180,0.7600617408752441,1.6186081171035767,16.5,7.993419647216797,219.55494689941406,251.4696267574521,19.4351771,50.0231681
1749659417051140600,8.226140625,10,0.20587486028671265,1.6177737712860107,12,9.505294799804688,240.7244415283203,252.13226126171068,19.4350936,50.0231092
1749659418061591600,9.236591552734374,10,0.18533073365688324,1.6256308555603027,12.5,10.701367378234863,243.97537231445312,252.8055006405812,19.4349694,50.0230693
1749659419523083800,10.698083740234376,10,0.17492170631885529,1.618038535118103,5.5,12.343777656555176,242.15138244628906,253.4440347175014,19.4347563,50.0230053
1749659420524477000,11.699476806640625,10,0.12188278138637543,1.6249030828475952,5.199999809265137,13.495404243469238,242.10362243652344,253.89020516230102,19.4345919,50.0229515
1749659421530066400,12.70506640625,10,0.09278445690870285,1.6194874048233032,4.800000190734863,14.272298812866211,241.13099670410156,254.5111202789573,19.4344149,50.0228937
1749659422532378600,13.707378662109376,10,0.092843197286129,1.6187515258789062,4.400000095367432,14.715877532958984,239.16476440429688,255.72635235530203,19.4342335,50.0228302
1749659423538647600,14.7136474609375,10,0.14452502131462097,1.6252830028533936,4,15.427959442138672,237.18588256835938,255.4922805447449,19.434053,50.0227597
1749659424528426500,15.703426513671875,10,0.16836555302143097,1.6201761960983276,4,16.06110191345215,232.35397338867188,255.50048313710886,19.4338707,50.0226803
1749659425530337300,16.705337158203125,10,0.15652680397033691,1.6192928552627563,4,16.759273529052734,228.2921905517578,256.22240413374027,19.4336911,50.0225873
1749659426534728200,17.709728271484376,10,0.11878631263971329,1.6291537284851074,4,17.230051040649414,226.15394592285156,256.66216597288314,19.4335144,50.0224819
1749659427519761400,18.694761474609376,10,0.09685102850198746,1.620042324066162,4,17.721477508544922,223.2156219482422,256.7785581512289,19.4333409,50.0223695
1749659428520595500,19.695595458984375,10,0.09553565084934235,1.6206294298171997,4,18.156341552734375,219.29957580566406,257.0700515990695,19.4331718,50.0222485
1749659429524540000,20.699539794921876,10,0.10660798847675323,1.623345136642456,4,18.674833297729492,218.074951171875,258.03650597162135,19.4330109,50.0221187
1749659430523057200,21.69805712890625,10,0.09649817645549774,1.615458607673645,4,19.093097686767578,217.98130798339844,258.68072343351673,19.4328489,50.0219823
1749659431524216800,22.699216796875,1,0.06475076079368591,1.6170530319213867,4,19.305282592773438,217.9998321533203,260.20010369971453,19.4326848,50.0218461
1749659432523153200,23.698153076171874,1,0.10613701492547989,1.6296064853668213,4.400000095367432,19.080904006958008,217.00132751464844,261.0053416604745,19.4325199,50.021707
1749659433527112200,24.7021123046875,1,0.06814602017402649,1.6260865926742554,4.800000190734863,18.942039489746094,217.00010681152344,261.587501783143,19.4323601,50.0215699
1749659434524924200,25.699924072265624,1,0.06334896385669708,1.6231632232666016,4.800000190734863,18.947301864624023,217,261.94782637485423,19.4321967,50.0214353
1749659435515849700,26.690849609375,1,0.06340506672859192,1.6317110061645508,4.665999889373779,19.017776489257812,217.99887084960938,261.47450368942924,19.4320339,50.0212996
1749659436516797400,27.69179736328125,1,0.06335315108299255,1.628624439239502,4.665999889373779,19.1129207611084,217.99993896484375,260.71340426653694,19.4318689,50.0211637
1749659437521614600,28.696614501953125,1,0.06248696520924568,1.62467622756958,4.665999889373779,19.15822410583496,217.0010528564453,260.7613112177524,19.4317035,50.0210272
1749659438527076600,29.70207666015625,1,0.06156173720955849,1.6300764083862305,4.333000183105469,19.236135482788086,216.99993896484375,260.8292564250638,19.4315383,50.0208898
1749659439532182300,30.707182373046876,1,0.06137881800532341,1.6259515285491943,4,19.323278427124023,217.9988555908203,261.77272120467194,19.4313721,50.0207525
1749659440528665900,31.703665771484374,1,0.061881162226200104,1.6230928897857666,4,19.366254806518555,217.99996948242188,261.9688727049946,19.4312036,50.020616
1749659441525705200,32.70070532226563,1,0.060757286846637726,1.6220269203186035,4,19.40387535095215,217.99996948242188,262.10959284172054,19.431034,50.0204805
1749659442533942000,33.70894189453125,1,0.060674138367176056,1.6269972324371338,4,19.39252471923828,218.00001525878906,263.34845583171636,19.4308631,50.020344
1749659443521697500,34.69669750976563,1,0.06223651394248009,1.6180260181427002,4,19.452768325805664,217.0010986328125,263.4434241068155,19.4306956,50.0202068
1749659444523856400,35.6988564453125,1,0.04436608776450157,1.6198738813400269,4,19.508718490600586,216.9999542236328,263.53071792984815,19.4305297,50.0200668
1749659445524003000,36.699003173828125,1,0.04576706886291504,1.6220730543136597,4,19.565147399902344,216.9999542236328,261.5650836945001,19.4303636,50.0199264
1749659446524252400,37.69925244140625,1,0.06520825624465942,1.6090171337127686,4,19.60202980041504,216.99996948242188,260.71917095461987,19.4301977,50.0197866
1749659447530023000,38.70502294921875,1,0.062151964753866196,1.6101362705230713,4,19.63457489013672,216.99996948242188,260.69572128727754,19.4300318,50.0196462
1749659448524616000,39.69961596679688,1,0.06177067011594772,1.611220121383667,4,19.651657104492188,217.99884033203125,261.3595597141988,19.4298635,50.0195064
1749659449526167000,40.7011669921875,1,0.06126972287893295,1.6144819259643555,4,19.75786781311035,217.9999237060547,261.96805877922,19.429693,50.0193671
1749659450530355500,41.70535546875,1,0.06190800294280052,1.6089180707931519,4,19.915096282958984,217.99989318847656,262.0882882314424,19.4295206,50.0192265
1749659451533142300,42.70814233398438,1,0.06691812723875046,1.6110104322433472,4,20.060396194458008,217.99989318847656,262.4550065761667,19.4293471,50.0190842
1749659452519025400,43.694025390625,1,0.044134315103292465,1.6101481914520264,4,20.23900604248047,217.00106811523438,262.8343262878641,19.429174,50.0189403
1749659453536290800,44.71129077148437,1,0.046617280691862106,1.6107197999954224,4,20.424907684326172,216.0010528564453,263.8367327186729,19.429002,50.0187923
1749659454529206000,45.7042060546875,1,0.0471268892288208,1.6113461256027222,4,20.624727249145508,215.0010986328125,264.74989298331514,19.4288361,50.0186413
1749659455528417500,46.70341748046875,1,0.07312631607055664,1.6082998514175415,4,20.828235626220703,213.00253295898438,265.14091113339634,19.4286754,50.018485
1749659456519223000,47.69422314453125,1,0.0649457797408104,1.6097379922866821,4,20.994131088256836,210.00428771972656,265.0981506670805,19.4285246,50.0183237
1749659457533141800,48.708141845703125,1,0.06566993147134781,1.608054757118225,4,21.041866302490234,208.0030517578125,265.4767964178851,19.4283828,50.0181573
1749659458529544400,49.70454443359375,1,0.06432628631591797,1.6116316318511963,4,21.154464721679688,206.003173828125,265.1824576669686,19.4282523,50.0179875
1749659459523778600,50.69877856445312,1,0.043977901339530945,1.6096711158752441,4,21.20461654663086,203.00531005859375,264.7402173384579,19.4281324,50.0178132
1749659460528540700,51.70354077148438,1,0.06504795700311661,1.6097551584243774,4,21.222232818603516,200.00572204589844,265.1846333162194,19.4280263,50.0176347
1749659461517274600,52.692274658203125,1,0.06451968848705292,1.6067243814468384,4,21.316843032836914,198.0039520263672,265.0365540801107,19.427932,50.0174536
1749659462534027500,53.709027587890624,1,0.06481548398733139,1.6099575757980347,4,21.336896896362305,196.00411987304688,265.47381003727196,19.4278463,50.0172691
1749659463528624600,54.70362475585937,1,0.06603437662124634,1.611845850944519,4,21.411291122436523,195.0020751953125,266.19135631267864,19.4277681,50.017084
1749659464519010000,55.69401000976563,1,0.04362289607524872,1.609474539756775,4,21.43297004699707,194.002197265625,266.14023847313683,19.4276941,50.0168973
1749659465533164000,56.7081640625,1,0.06536293774843216,1.6088231801986694,4,21.5344295501709,193.99986267089844,266.76449390129295,19.4276213,50.0167088
1749659466517509400,57.69250927734375,1,0.06502792984247208,1.6099846363067627,4,21.611520767211914,193.99989318847656,266.2554735776976,19.4275483,50.0165208
1749659467524145700,58.699145751953125,1,0.06800428032875061,1.6124614477157593,4,21.761629104614258,193.00209045410156,265.6070146995619,19.4274748,50.0163303
1749659468534285300,59.70928540039063,1,0.06484953314065933,1.6093345880508423,4,21.932708740234375,192.99978637695312,265.93865493772637,19.4274022,50.0161389
1749659469523404800,60.69840478515625,1,0.06476859003305435,1.6079565286636353,4,22.009706497192383,192.99990844726562,265.8292020928516,19.427329,50.0159473
1749659470516775000,61.69177490234375,1,0.12557664513587952,1.600897192955017,4.333000183105469,22.198747634887695,192.99977111816406,265.82124297901964,19.4272582,50.0157525
1749659471537602300,62.71260229492187,1,0.06461603939533234,1.5984684228897095,4.800000190734863,22.252695083618164,192.99993896484375,265.31997783188166,19.4271834,50.0155556
1749659472549809400,63.72480932617187,1,0.06455901265144348,1.6040213108062744,4.800000190734863,22.277807235717773,192.99996948242188,265.12468077708934,19.4271099,50.0153613
1749659473526766600,64.7017666015625,1,0.04540430009365082,1.603043794631958,4.665999889373779,22.258663177490234,193.99758911132812,264.9625757476374,19.4270343,50.0151675
1749659474530748400,65.70574853515625,1,0.06552674621343613,1.5996036529541016,4.800000190734863,22.268877029418945,193.0023956298828,265.3337154571242,19.4269571,50.0149721
1749659475528291000,66.703291015625,1,0.06825848668813705,1.6004040241241455,4.400000095367432,22.311935424804688,192.9999542236328,265.549154474671,19.4268831,50.0147783
1749659476533767200,67.70876708984375,1,0.06531800329685211,1.5982342958450317,4.333000183105469,22.36256217956543,192.99993896484375,265.40509343464583,19.4268088,50.0145831
1749659477527825000,68.70282495117188,1,0.06534462422132492,1.5968044996261597,4,22.445877075195312,192.99989318847656,266.08348365171213,19.4267332,50.0143869
1749659478528536300,69.70353637695312,1,0.04545953869819641,1.6035295724868774,4,22.50194549560547,192.9999237060547,265.9194511217247,19.4266571,50.0141905
1749659479527587300,70.70258740234375,1,0.06827878206968307,1.5992828607559204,4,22.57636833190918,192.99990844726562,265.64187215201946,19.4265807,50.0139932
1749659480529697500,71.70469750976562,1,0.06467937678098679,1.599686622619629,4,22.618770599365234,192.9999542236328,266.83702687721313,19.4265046,50.0137958
1749659481525945900,72.70094580078126,1,0.06471318006515503,1.597581386566162,4,22.665660858154297,192.99993896484375,268.28984438619693,19.4264291,50.0135982
1749659482525595600,73.700595703125,1,0.0646333396434784,1.5968573093414307,4,22.684612274169922,192.99998474121094,269.0430765329667,19.4263543,50.0134
1749659483524408800,74.69940893554687,1,0.04336848482489586,1.5988577604293823,4,22.701427459716797,192.99998474121094,269.8303165838985,19.4262789,50.0132018
1749659484524798200,75.69979809570313,1,0.06469938904047012,1.6054747104644775,4,22.729103088378906,192.99996948242188,269.80704507655054,19.4262031,50.013004
1749659485528561000,76.70356079101562,1,0.06467369198799133,1.5997785329818726,4,22.786579132080078,193.9974365234375,269.55270005601284,19.4261256,50.0128046
1749659486538096000,77.71309619140625,1,0.06479237973690033,1.5968306064605713,4,22.818628311157227,193.9999542236328,268.2578388156496,19.4260475,50.0126053
1749659487517570000,78.69257006835937,1,0.06473540514707565,1.5976134538650513,4,22.874237060546875,193.0025177001953,266.56984030229034,19.4259712,50.0124066
1749659488533342200,79.70834228515625,1,0.068235382437706,1.5968866348266602,4.400000095367432,22.932697296142578,192.99993896484375,266.11970991271085,19.4258952,50.0122049
1749659489521229000,80.69622900390625,1,0.06858354061841965,1.6004774570465088,4.665999889373779,23.00804328918457,192.99990844726562,265.98431508878184,19.4258186,50.0120049
1749659490533948700,81.70894873046875,1,0.06540390849113464,1.6051292419433594,4.800000190734863,23.021892547607422,193.99746704101562,265.4446338812397,19.4257396,50.0118032
1749659491532347600,82.70734765625,1,0.043908342719078064,1.6011408567428589,4.665999889373779,22.94077491760254,194.00010681152344,265.1935601915109,19.4256606,50.0116037
1749659492535152000,83.71015209960937,1,0.04542367532849312,1.5976080894470215,4.800000190734863,22.81205177307129,194.00018310546875,264.8644610299972,19.4255824,50.011405
1749659493530553300,84.70555322265625,1,0.0438956655561924,1.5962473154067993,4.665999889373779,22.757076263427734,194.0000762939453,264.4341241651178,19.4255047,50.011207
1749659494522477600,85.6974775390625,1,0.0655963197350502,1.598130702972412,4,22.757774353027344,194,264.28482771342726,19.4254263,50.0110091
1749659495529470200,86.70447021484375,1,0.0742136538028717,1.5993425846099854,4,22.796794891357422,193.9999542236328,264.169657935838,19.4253475,50.0108103
1749659496523223000,87.69822314453126,1,0.0653400719165802,1.5982609987258911,4,22.83647346496582,193.99993896484375,264.52370328021186,19.4252695,50.010612
1749659497528500700,88.70350073242187,1,0.06654682755470276,1.601422667503357,4,22.870471954345703,193.9999542236328,265.44300954892105,19.4251912,50.0104125
1749659498531155200,89.7061552734375,1,0.0651727244257927,1.6005163192749023,4,22.890336990356445,193.99996948242188,265.5944592207416,19.425112,50.0102128
1749659499523422500,90.69842236328125,1,0.06552626937627792,1.597410798072815,4,22.904428482055664,193.99998474121094,265.67338475472104,19.4250337,50.0100132
1749659500512259300,91.68725927734376,1,0.07238151878118515,1.5966789722442627,4,22.93951988220215,193.9999542236328,265.02144678040156,19.4249555,50.0098134
1749659501524343600,92.69934350585937,1,0.04619786888360977,1.5991616249084473,4,22.977102279663086,193.99993896484375,265.34780594842255,19.4248771,50.009612
1749659502526451700,93.70145166015625,1,0.046812888234853745,1.5983738899230957,4,23.076732635498047,193.99986267089844,265.2603490089139,19.4247991,50.0094112
1749659503523085300,94.69808520507813,1,0.04821247234940529,1.5877056121826172,4,23.097787857055664,193.99996948242188,265.30299076223514,19.4247204,50.0092098
1749659504527931400,95.70293139648437,1,0.07287660241127014,1.5904028415679932,4,23.17034339904785,193.99989318847656,266.1946849747361,19.4246409,50.0090077
1749659505523142100,96.69814208984376,1,0.06501287966966629,1.591761827468872,4,23.186038970947266,193.99998474121094,266.9292922392807,19.4245615,50.0088056
1749659506522020600,97.6970205078125,1,0.07598135620355606,1.588352084159851,4,23.282865524291992,193.99986267089844,266.9399597305963,19.4244821,50.0086025
1749659507525805600,98.7008056640625,1,0.07598324865102768,1.587886929512024,4,23.324230194091797,193.99993896484375,266.3106003817868,19.4244024,50.0083987
1749659508524045600,99.69904565429688,1,0.06511901319026947,1.5884191989898682,4,23.476787567138672,193.99977111816406,266.01745956886697,19.4243223,50.0081942
1749659509520038000,100.69503784179688,1,0.06532483547925949,1.5882463455200195,4,23.471471786499023,194.00001525878906,266.01745956886697,19.4242407,50.0079896
1749659510528529400,101.703529296875,1,0.06966205686330795,1.5893696546554565,4,23.545398712158203,193.99989318847656,267.18744924372675,19.4241594,50.007784
1749659511525080800,102.70008081054688,1,0.04410625994205475,1.5881725549697876,4,23.572561264038086,193.9999542236328,267.13614180839795,19.4240788,50.0075785
1749659512526884900,103.701884765625,1,0.06562557816505432,1.591978669166565,4,23.563486099243164,194.00001525878906,267.6759492769453,19.4239987,50.0073728
1749659513544249300,104.71924926757812,1,0.06547176092863083,1.589625597000122,4,23.674917221069336,193.9998321533203,267.04290833522253,19.4239179,50.007166
1749659514521645000,105.69664501953125,1,0.06539690494537354,1.5877336263656616,4,23.714277267456055,193.99993896484375,267.2321525172025,19.423837,50.0069605
1749659515521660700,106.69666064453125,1,0.06825852394104004,1.5881153345108032,4,23.751081466674805,193.9999542236328,267.41143446697924,19.4237544,50.0067529
1749659516529921800,107.704921875,1,0.07063370198011398,1.5894092321395874,4,23.69713020324707,194.0000762939453,267.8914550025455,19.4236715,50.006546
1749659517521110300,108.6961103515625,1,0.072278693318367,1.589037537574768,4,23.561084747314453,194.0001983642578,268.2542637177718,19.4235897,50.0063413
1749659518519663600,109.69466357421875,1,0.04633411765098572,1.5895048379898071,4.333000183105469,23.406206130981445,194.00022888183594,268.4697852177401,19.4235098,50.006137
1749659519527495400,110.70249536132812,1,0.044093672186136246,1.587855577468872,4.400000095367432,23.264081954956055,193.00282287597656,269.1185161898859,19.423432,50.0059337
1749659520524665600,111.69966552734375,1,0.044047657400369644,1.5861937999725342,4.400000095367432,23.196128845214844,193.00010681152344,270.60922360185265,19.4233572,50.0057313
1749659521522317600,112.69731762695312,1,0.06726304441690445,1.5895867347717285,4.333000183105469,23.162567138671875,192.00270080566406,270.31040207520476,19.4232852,50.0055285
1749659522525153500,113.70015356445313,1,0.05034886673092842,1.589087724685669,4.400000095367432,23.04498291015625,192.00015258789062,269.8536520921931,19.4232178,50.0053256
1749659523528507100,114.70350708007813,1,0.05004875361919403,1.586960792541504,4,22.88557243347168,191.00282287597656,269.0223562755782,19.4231549,50.0051238
1749659524521110000,115.69611010742187,1,0.04604998230934143,1.5869272947311401,4,22.63226318359375,190.0029296875,268.9732713978986,19.4230977,50.0049237
1749659525529389000,116.70438916015625,1,0.06556296348571777,1.5875695943832397,4,22.465900421142578,189.0027618408203,270.11702551652286,19.4230445,50.004724
1749659526525735200,117.70073510742188,1,0.04600546509027481,1.5879478454589844,4,22.346519470214844,189.0001220703125,270.9814656740299,19.4229941,50.004526
1749659527528427500,118.70342749023438,1,0.0651712641119957,1.5871754884719849,4,22.278762817382812,188.0026397705078,272.01882939031844,19.4229455,50.0043285
1749659528525690000,119.70069018554688,1,0.07405273616313934,1.5854607820510864,4,22.21491050720215,188.00006103515625,272.667907677188,19.4228984,50.0041313
1749659529528857000,120.70385717773438,1,0.06505183130502701,1.5860099792480469,4,22.243318557739258,188.99745178222656,275.1233261149805,19.42285,50.003934
1749659530531971800,121.70697192382812,1,0.10435732454061508,1.5895533561706543,4,22.3392276763916,188.99990844726562,275.6868817893897,19.4228025,50.0037369
1749659531518663200,122.6936630859375,1,0.06529463082551956,1.5913814306259155,4,22.354148864746094,188.99998474121094,275.6868817893897,19.4227573,50.0035426
1749659532528531700,123.70353173828126,1,0.06598292291164398,1.5884175300598145,4,22.42947769165039,188.9999237060547,276.19520072383636,19.4227094,50.0033472
1749659533527808300,124.70280834960937,1,0.06604314595460892,1.5877240896224976,4,22.5236759185791,188.00253295898438,276.82957363848084,19.42266,50.0031493
1749659534517792000,125.6927919921875,1,0.070917509496212,1.5876004695892334,4,22.574079513549805,188.997314453125,277.3742745905368,19.4226125,50.0029493
1749659535532773600,126.70777368164063,1,0.047495756298303604,1.5866392850875854,4,22.648500442504883,188.9999237060547,277.96337212654237,19.422561,50.0027454
1749659536515054300,127.69005444335937,1,0.06609035283327103,1.586915135383606,4,22.809833526611328,188.9998321533203,278.0595072377199,19.4225099,50.0025434
1749659537527634400,128.70263452148438,1,0.06595584750175476,1.5861320495605469,4,22.925329208374023,188.99989318847656,277.8671391255695,19.4224581,50.0023377
1749659538524436700,129.69943676757813,1,0.06595973670482635,1.5857685804367065,4,23.133432388305664,188.99978637695312,278.05309819687363,19.4224047,50.0021321
1749659539515860000,130.69085986328125,1,0.07653795182704926,1.5865076780319214,4,23.334331512451172,188.9998016357422,278.05309819687363,19.4223507,50.0019251
1749659540526797600,131.70179760742187,1,0.06810536235570908,1.5918337106704712,4,23.575504302978516,188.999755859375,278.6795757385113,19.4222957,50.0017152
1749659541528287000,132.70328686523436,1,0.07035868614912033,1.59038245677948,4,23.747615814208984,188.99981689453125,278.6693222850886,19.422241,50.0015051
1749659542530543600,133.70554370117188,1,0.07478585839271545,1.5897085666656494,4,23.882221221923828,189.99697875976562,278.86588473480816,19.4221841,50.001293
1749659543529873700,134.70487377929686,1,0.05349861457943916,1.5873053073883057,4,23.851383209228516,190.00003051757812,278.7013702040535,19.4221215,50.0010819
1749659544526640600,135.701640625,1,0.05032031983137131,1.5864139795303345,4,23.50983428955078,190.99761962890625,278.93374562024644,19.4220548,50.0008741
1749659545524157000,136.69915698242187,1,0.04911527410149574,1.5862154960632324,4,22.894954681396484,191.9981231689453,279.1030475838543,19.4219857,50.0006719
1749659546529507600,137.70450756835936,1,0.04837236553430557,1.5853835344314575,4,21.838783264160156,192.9989471435547,278.730449408873,19.4219158,50.0004788
1749659547544323600,138.71932348632814,1,0.05025237426161766,1.5858172178268433,4,21.000343322753906,193.00103759765625,278.5636284518197,19.4218458,50.0002953
1749659548518233300,139.6932333984375,1,0.04979439452290535,1.5864777565002441,4,20.15346336364746,193.0010528564453,277.4980466661409,19.421779,50.0001204
1749659549520936000,140.69593603515625,1,0.046494144946336746,1.5860986709594727,4,19.290067672729492,193.00099182128906,275.1503254080243,19.4217141,49.9999511
1749659550524398800,141.69939892578125,1,0.05088185518980026,1.5876331329345703,4,18.546804428100586,193.00082397460938,274.6869512318151,19.4216513,49.9997891
1749659551536622600,142.71162255859375,1,0.04882434383034706,1.5875219106674194,4.400000095367432,17.805631637573242,193.0007781982422,274.56522711053685,19.4215913,49.9996327
1749659552529119200,143.704119140625,1,0.04844926297664642,1.5809075832366943,4.333000183105469,17.07406997680664,193.00074768066406,275.1187629832573,19.4215348,49.9994842
1749659553521835500,144.69683544921875,1,0.04743469879031181,1.5798544883728027,4.400000095367432,16.166179656982422,193.00086975097656,275.7167447165265,19.4214817,49.9993424
1749659554529143300,145.70414331054687,1,0.047821637243032455,1.5774120092391968,4.400000095367432,15.077276229858398,193.00096130371094,275.79830822940914,19.4214329,49.9992092
1749659555524276000,146.69927587890626,1,0.045531708747148514,1.5780974626541138,4.333000183105469,13.70389461517334,193.00111389160156,275.2708007533057,19.421388,49.999088
1749659556526112000,147.70111206054688,1,0.04536440223455429,1.577445149421692,4.333000183105469,12.622941970825195,193.00079345703125,274.21511035931877,19.4213464,49.9989773
1749659557533436200,148.70843627929688,1,0.046002745628356934,1.577797770500183,4,11.747130393981934,193.00059509277344,274.02156999310756,19.4213076,49.9988741
1749659558530537500,149.70553735351564,1,0.04599234461784363,1.5769504308700562,4,10.905298233032227,193.99993896484375,273.88024337494033,19.4212701,49.9987785
1749659559533631200,150.70863134765625,1,0.0460069365799427,1.5775688886642456,4,9.519939422607422,195.0003204345703,274.15432590039876,19.4212336,49.9986938
1749659560526473000,151.70147290039063,1,0.07688692212104797,1.5782192945480347,4,7.8559250831604,196.00025939941406,274.17604082725506,19.4212014,49.9986243
1749659561540030500,152.71503051757813,1,0.06590966135263443,1.5796139240264893,4,6.373961448669434,197.0001983642578,273.2802500328192,19.4211735,49.9985675
1749659562524412400,153.6994123535156,3.2948343753814697,0.0807102620601654,1.5793571472167969,4,4.953506946563721,197.005126953125,271.60219910669474,19.4211514,49.9985251
1749659563522974700,154.697974609375,4.030973434448242,0.04852016270160675,1.57902991771698,4,3.1725871562957764,201.00234985351562,271.35671020492873,19.4211346,49.9984977
1749659564510477600,155.6854775390625,9.52063274383545,0.05414284020662308,1.5790760517120361,4,1.3766099214553833,205.00999450683594,270.75331087067985,19.4211248,49.9984861
1749659564882000000,156.05699975585938,45,1.5,1.591518521308899,6.47599983215332,1.3765822649002075,205.0093231201172,270.61776715166843,19.4211224,49.998483
1749659565534412300,156.70941235351563,17.68587303161621,0.05461939424276352,1.5906676054000854,6.47599983215332,0.5079271197319031,208.00550842285156,271.1838175147923,19.4211212,49.9984834
1749659566531241200,157.7062412109375,13.508648872375488,0.05295452103018761,1.605855941772461,6.122000217437744,0.3828672170639038,210.00009155273438,270.71032299701534,19.4211188,49.9984813
1749659567522182100,158.69718212890626,0,0.06051954627037048,1.6129987239837646,6.122000217437744,0.000016656207662890665,0,270.65696236107635,19.4211185,49.9984812
1749659568531344100,159.70634423828125,0,0.05849837884306908,1.616371750831604,6.47599983215332,6.344370584443482e-10,0,270.65696236107635,19.4211189,49.9984816
1749659569529433900,160.70443383789063,10.723124504089355,0.05234099179506302,1.6201356649398804,6.47599983215332,0.7192202210426331,208.99647521972656,270.64770162414493,19.4211114,49.9984756
1749659570527438000,161.70243798828125,13.043865203857422,0.03359846770763397,1.6290996074676514,4,2.719449281692505,219.965087890625,270.73094502195596,19.4210888,49.9984583
1749659571523343600,162.69834350585938,4.716329097747803,0.20444950461387634,1.6384154558181763,4,5.8520426750183105,238.99815368652344,271.1893003607972,19.4210422,49.9984294
1749659572548030500,163.72303051757814,4.850130558013916,0.036223698407411575,1.6538503170013428,4,6.618180751800537,250.9639434814453,271.7694250735848,19.4209451,49.9984036
1749659573526300200,164.70130004882813,10,0.03659937158226967,1.6618469953536987,4,7.678439140319824,261.7520751953125,272.5464902598204,19.4208335,49.9983965
1749659574532248600,165.70724853515625,10,0.04686993733048439,1.668650507926941,4,8.785242080688477,277.4426574707031,272.9798840361233,19.4207071,49.9984062
1749659575529616400,166.70461645507814,10,0.051185257732868195,1.670157551765442,4,9.362977027893066,287.6089172363281,273.2061968555686,19.42058,49.9984345
1749659576521296400,167.69629638671876,10,0.04726189002394676,1.6767019033432007,4,9.719948768615723,287.9659423828125,273.33430109112885,19.4204508,49.9984642
1749659577520418800,168.6954187011719,10,0.04480371251702309,1.6850714683532715,4,9.897778511047363,285.11029052734375,273.2787890214322,19.4203188,49.9984892
1749659578539073500,169.71407348632812,10,0.04008576646447182,1.695961356163025,4,10.116720199584961,283.0758972167969,273.33430109112885,19.4201814,49.9985094
1749659579520304600,170.6953046875,10,0.044063229113817215,1.7049142122268677,4,10.552279472351074,280.12799072265625,273.50504077599044,19.4200382,49.9985267
1749659580522397400,171.6973974609375,10,0.044230274856090546,1.712526559829712,4,11.119443893432617,280.92547607421875,274.91648415550037,19.4198861,49.9985447
1749659581530680800,172.70568090820314,1,0.046357881277799606,1.7150951623916626,4,11.901304244995117,280.9995422363281,274.90956857455865,19.4197231,49.9985659
1749659582523979800,173.6989797363281,2.2754483222961426,0.050139330327510834,1.7268048524856567,4,12.783252716064453,280.99688720703125,274.92665269781355,19.4195484,49.9985893
1749659583530668500,174.70566845703124,1,0.038979578763246536,1.7308036088943481,4,13.182596206665039,281.9988708496094,274.9079421978065,19.419366,49.9986141
1749659584534080500,175.70908056640624,1,0.04655136168003082,1.7434141635894775,4,13.436391830444336,281.99981689453125,274.649551987652,19.419183,49.9986403
1749659585511645200,176.68664526367186,2.0322916507720947,0.04048457741737366,1.7562811374664307,4,13.823227882385254,282.99481201171875,274.44882445518954,19.4189966,49.9986685
1749659586517880000,177.69288012695313,2.8921871185302734,0.16986501216888428,1.7650580406188965,4.333000183105469,14.38322639465332,284.9801330566406,274.2692662846832,19.4188057,49.998698
1749659587524309200,178.69930932617189,1.8698991537094116,0.05048925429582596,1.7715564966201782,4.800000190734863,14.79668140411377,285.9951171875,274.386710985123,19.4186089,49.9987359
1749659588522706400,179.69770654296875,1,0.14076824486255646,1.7774152755737305,5,15.092142105102539,288.9966125488281,275.3177839122592,19.4184118,49.9987767
1749659589531981600,180.70698168945313,1,0.0531742200255394,1.784254550933838,5.333000183105469,15.243200302124023,288.9998474121094,275.90723080737723,19.4182122,49.998822
1749659590517359000,181.6923591308594,1,0.043832894414663315,1.784242033958435,5.599999904632568,15.524834632873535,288.0007629394531,276.39240330181434,19.4180103,49.9988663
1749659591511289900,182.68628979492186,1,0.04209540784358978,1.793006420135498,5.333000183105469,15.730997085571289,288.9986877441406,277.12839914933784,19.4178039,49.998912
1749659592521537500,183.69653759765626,1,0.05865097418427467,1.806662917137146,5,16.005903244018555,288.99969482421875,277.13095638025925,19.4175922,49.9989601
1749659593525663500,184.70066357421874,1.6051982641220093,0.05751672387123108,1.8125001192092896,4.400000095367432,16.190624237060547,288.9994201660156,277.48768015245105,19.4173781,49.9990083
1749659594525409800,185.70040991210936,1,0.058160729706287384,1.8210911750793457,4.333000183105469,16.384687423706055,288.9997863769531,277.5923504143427,19.417163,49.999056
1749659595532099600,186.707099609375,1,0.04247788339853287,1.835517406463623,4,16.48973846435547,289.99871826171875,277.7183836446435,19.4169469,49.9991073
1749659596523938800,187.69893872070313,1.277496576309204,0.03811929374933243,1.8386015892028809,4,16.555391311645508,289.9998779296875,277.72626854281293,19.4167313,49.9991584
1749659597527988700,188.70298876953126,1,0.04906410723924637,1.838862419128418,4,16.568147659301758,289.9999694824219,277.99329685375506,19.4165139,49.9992099
1749659598521234200,189.69623413085938,1.3337985277175903,0.043894123286008835,1.8473002910614014,4,16.878679275512695,290.9971923828125,278.27033888788736,19.4162959,49.9992654
1749659599521216300,190.69621630859376,1.577032446861267,0.0578777901828289,1.8567732572555542,4,17.337961196899414,291.9955139160156,278.4844569377296,19.4160726,49.9993261
1749659600530763800,191.705763671875,1,0.05632120743393898,1.87090003490448,4,17.649362564086914,292.9983825683594,278.5955469652533,19.415846,49.9993902
1749659601528779500,192.70377954101562,1.6375963687896729,0.050985660403966904,1.8787126541137695,4,17.80967140197754,293.99609375,278.4796981064483,19.4156192,49.9994564
1749659602546604800,193.72160473632812,1,0.05015191063284874,1.8891332149505615,4,17.875661849975586,293.9999084472656,278.59945654125204,19.4153911,49.9995234
1749659603522576400,194.69757641601564,1,0.055595558136701584,1.8974393606185913,4,17.987295150756836,294.9985656738281,278.25324266982784,19.415165,49.9995922
1749659604542095600,195.717095703125,1.0145186185836792,0.04105154797434807,1.897884488105774,4,18.024396896362305,295.99871826171875,278.4903807156071,19.4149378,49.9996655
1749659605528813800,196.70381372070312,1.6543536186218262,0.04107840359210968,1.899266004562378,4,18.152244567871094,296.9962158203125,278.6599673394838,19.4147133,49.9997403
1749659606526466000,197.70146606445311,1,0.1620555818080902,1.9082536697387695,4.333000183105469,18.123741149902344,297.0000305175781,278.9441232953247,19.4144886,49.9998183
1749659607525414700,198.70041455078126,1,0.04887913167476654,1.9158371686935425,4.665999889373779,18.296777725219727,296.9997863769531,280.70001220703125,19.4142624,49.9998955
1749659608530019800,199.70501977539064,1,0.056681618094444275,1.9261236190795898,4.800000190734863,18.432954788208008,296.0010681152344,280.70001220703125,19.4140329,49.9999697
1749659609537707800,200.7127077636719,1,0.062025897204875946,1.9398202896118164,4.665999889373779,18.565031051635742,295.0011291503906,280.70001220703125,19.4138011,50.0000426
1749659610535890000,201.71088989257814,1,0.05120552331209183,1.9575355052947998,4.800000190734863,18.604503631591797,294.0013122558594,280.70001220703125,19.4135652,50.0001115
1749659611525468700,202.70046875,1,0.04157819598913193,1.9638487100601196,4.665999889373779,19.002906799316406,293.0008544921875,280.70001220703125,19.4133239,50.0001779
1749659612528768000,203.70376806640624,1,0.04478132352232933,1.9658926725387573,4,19.558467864990234,292.9991760253906,280.70001220703125,19.4130715,50.0002458
1749659613517320000,204.69231982421874,1,0.05219195783138275,1.964406132698059,4,19.97962188720703,292.0009765625,280.70001220703125,19.4128138,50.0003149
1749659614527446000,205.70244604492189,1,0.1842288076877594,1.9678562879562378,4.333000183105469,20.194225311279297,292.9980163574219,280.70001220703125,19.4125563,50.0003846
1749659615527566300,206.70256640625,1,0.05300331860780716,1.9743256568908691,4.665999889373779,20.630775451660156,293.9976806640625,280.70001220703125,19.4122956,50.0004632
1749659616528306000,207.70330590820313,1,0.056732285767793655,1.9875273704528809,4.800000190734863,20.830162048339844,295.9964599609375,278.94044245930485,19.4120332,50.000547
1749659617522407400,208.69740747070313,1,0.04732341691851616,1.9971789121627808,4.665999889373779,20.895240783691406,296.998291015625,278.06885469067157,19.4117726,50.0006322
1749659618521803500,209.69680346679687,1,0.04793001711368561,2.013030529022217,4.800000190734863,20.838083267211914,297.99853515625,277.71881983895173,19.4115151,50.000723
1749659619523931100,210.69893115234376,1,0.04662272334098816,2.0134196281433105,4.665999889373779,20.706077575683594,298.00018310546875,278.183460529259,19.4112605,50.0008131
1749659620516486100,211.6914860839844,1,0.04677703231573105,2.0160982608795166,4.333000183105469,20.601722717285156,298.0001525878906,278.98461581117704,19.4110099,50.0009031
1749659621539489000,212.71448901367188,1,0.04809263348579407,2.0245025157928467,4,20.54527473449707,298.0000915527344,278.90770166552323,19.4107587,50.000993
1749659622521141800,213.69614184570312,1,0.06576395034790039,2.0250067710876465,4,20.485942840576172,298.0000915527344,277.5490427410115,19.4105098,50.0010819
1749659623528159000,214.70315893554687,1,0.0643589198589325,2.036456346511841,4,20.427095413208008,298.0000915527344,277.56054259566287,19.4102583,50.0011713
1749659624525448000,215.70044799804688,1,0.08385247737169266,2.04974365234375,4,20.323381423950195,298.0001525878906,277.51568454152766,19.4100092,50.0012588
1749659625522112300,216.6971123046875,1,0.049120839685201645,2.0556299686431885,4,20.294218063354492,298.0000305175781,278.07963138427846,19.4097589,50.0013457
1749659626540531000,217.71553100585936,1,0.04069080948829651,2.0733044147491455,4,20.677526473999023,297.0009460449219,278.33976867613904,19.4095024,50.0014316
1749659627508885000,218.68388500976562,1.9438447952270508,0.05032755434513092,2.080829381942749,4,21.030929565429688,296.0041198730469,278.24577155861255,19.409241,50.0015145
1749659628525050400,219.70005029296874,2.3187458515167236,0.04993799328804016,2.0919930934906006,4,21.309717178344727,294.0157775878906,277.2819143646492,19.4089685,50.0015939
1749659629520009000,220.69500903320312,1,0.0631244033575058,2.0901176929473877,4,21.37265396118164,292.0036315917969,276.92092665557277,19.4086918,50.0016666
1749659630513035000,221.68803491210937,1.2516345977783203,0.036874644458293915,2.0974693298339844,4,21.341096878051758,290.0061950683594,276.8653914298235,19.408413,50.0017342
1749659631529040600,222.70404052734375,1,0.048532884567976,2.0995614528656006,4,21.278907775878906,289.0020446777344,277.036892737128,19.4081316,50.0017983
1749659632535915000,223.7109150390625,1.204480528831482,0.0786053016781807,2.101165771484375,4,21.224395751953125,289.0001220703125,276.70156061208036,19.4078514,50.0018599
1749659633518407400,224.69340747070314,1,0.04201754927635193,2.1058154106140137,4,20.99582290649414,288.00238037109375,275.86149061357037,19.4075743,50.0019204
1749659634521630000,225.6966298828125,1,0.09535248577594757,2.112266778945923,4,20.41238784790039,288.0008239746094,275.71199115220065,19.4073012,50.0019784
1749659635530703000,226.705703125,1,0.047596514225006104,2.1276748180389404,4,19.915498733520508,288.0007019042969,275.81023336261796,19.4070363,50.0020349
1749659636519804200,227.69480419921874,1,0.05131477117538452,2.136570930480957,4,19.33427619934082,287.0025634765625,276.3206837807443,19.4067791,50.0020881
1749659637522080000,228.697080078125,1,0.05113914981484413,2.1442644596099854,4,18.658714294433594,287.0008850097656,276.4082536335187,19.4065295,50.002139
1749659638525611300,229.700611328125,1,0.05411715805530548,2.1527011394500732,4.400000095367432,17.685733795166016,287.0011901855469,276.3206837807443,19.4062911,50.0021873
1749659639517342500,230.69234252929687,1,0.06790609657764435,2.151477336883545,4.665999889373779,15.94666862487793,287.00189208984375,275.32544030659153,19.4060752,50.0022303
1749659640528913200,231.7039130859375,1.191236972808838,0.04877761751413345,2.153959035873413,4.665999889373779,14.48326587677002,286.0035095214844,273.0753387265945,19.4058818,50.0022678
1749659641518397700,232.69339770507813,3.220667839050293,0.07929393649101257,2.1602516174316406,4.665999889373779,12.332986831665039,286.0189514160156,272.8340906031459,19.405714,50.0022988
